VDS_V,Ciss_pF,Coss_pF,Crss_pF
0,,,
1,,,
2,3883.289,3161.5204,1082.3286
3,3732.1208,2800.8666,854.73905
4,3636.9413,2546.2953,710.29243
5,3571.7842,2348.7962,608.68723
6,3520.2309,2185.8277,527.60266
7,3477.929,2046.503,459.41262
8,3442.4185,1926.396,402.26555
9,3412.0821,1818.8827,351.0082
10,3381.6293,1719.1735,300.88162
11,3348.9095,1621.062,247.15088
12,3276.2319,1423.5994,110.96997
13,3249.401,1308.8938,54.401531
14,3243.636,1254.1952,40.871894
15,3239.9815,1210.7076,33.052829
16,3238.368,1173.3381,27.8697
17,3235.7581,1140.4877,24.141558
18,3234.3498,1111.4537,21.510051
19,3233.3706,1085.0185,19.491605
20,3232.4996,1060.7021,17.883794
21,3231.5432,1038.2428,16.580091
22,3229.9016,1017.4689,15.547492
23,3228.6892,998.1039,14.691693
24,3228.4457,979.94824,13.959418
25,3228.2202,962.8809,13.337744
26,3227.913,946.76097,12.804885
27,3227.0033,931.40337,12.333973
28,3226.0819,916.83885,11.930019
29,3226.0085,903.15325,11.603752
30,3225.9752,890.11485,11.328422
31,3225.0783,877.49806,11.086752
32,3223.9535,865.38138,10.874058
33,3223.4072,853.88228,10.676478
34,3223.1871,842.90429,10.495475
35,3222.8189,832.34337,10.343746
36,3222.2283,822.15311,10.223106
37,3221.6729,812.34386,10.114917
38,3221.3479,802.90787,10.005135
39,3221.1474,793.80782,9.8994617
40,3220.9297,785.02959,9.8062081
41,3220.7024,776.53217,9.7276271
42,3220.4487,768.31599,9.6589813
43,3220.0895,760.40413,9.5965968
44,3219.5837,752.7978,9.5414145
45,3219.0089,745.44317,9.4912783
46,3218.4585,738.28282,9.4415825
47,3217.944,731.27616,9.3888213
48,3217.4389,724.4372,9.3361
49,3217.005,717.79986,9.2887197
50,3216.7052,711.37953,9.250416
51,3216.5292,705.14225,9.2191648
52,3216.3829,699.084,9.1923376
53,3216.1817,693.20373,9.1677333
54,3215.9157,687.49975,9.1453511
55,3215.6108,681.95383,9.1256389
56,3215.2995,676.54676,9.1073037
57,3215.0111,671.2614,9.0891925
58,3214.746,666.08533,9.0706586
59,3214.487,661.02017,9.0524721
60,3214.2433,656.07313,9.0356577
61,3214.0232,651.24992,9.021126
62,3213.8447,646.54072,9.0092429
63,3213.7112,641.93325,8.9993265
64,3213.5759,637.4337,8.9908473
65,3213.3957,633.04732,8.9833266
66,3213.1332,628.77995,8.9764081
67,3212.7749,624.62959,8.9703787
68,3212.369,620.57821,8.9651911
69,3211.9714,616.60938,8.9606924
70,3211.633,612.70815,8.9567407
71,3211.3891,608.86193,8.953098
72,3211.2225,605.07101,8.9495204
73,3211.0949,601.34268,8.9464303
74,3210.9685,597.68338,8.9442614
75,3210.8084,594.09861,8.9434127
76,3210.5894,590.59274,8.9443834
77,3210.322,587.15747,8.9478898
78,3210.0262,583.78619,8.9528514
79,3209.7221,580.47526,8.9580369
80,3209.4285,577.22127,8.9623046
81,3209.1627,574.02104,8.9645981
82,3208.9392,570.86953,8.964084
83,3208.7409,567.76184,8.9613908
84,3208.5555,564.70346,8.9577308
85,3208.3724,561.69937,8.9542479
86,3208.1815,558.75397,8.952004
87,3207.9733,555.87106,8.9519813
88,3207.7565,553.05273,8.9549381
89,3207.5344,550.29303,8.9602167
90,3207.3069,547.58377,8.9666379
91,3207.074,544.91736,8.9730971
92,3206.8355,542.28683,8.9785589
93,3206.5914,539.68569,8.9820495
94,3206.3371,537.10828,8.9828049
95,3206.0596,534.55455,8.9812528
96,3205.7704,532.02869,8.9781895
97,3205.4827,529.53466,8.9743231
98,3205.2092,527.07606,8.9703313
99,3204.9616,524.65612,8.9668452
100,3204.7511,522.27773,8.9644607
101,3204.5938,519.94097,8.963341
102,3204.4887,517.63975,8.9627025
103,3204.4164,515.37219,8.9624682
104,3204.3595,513.1368,8.9626062
105,3204.3013,510.93213,8.9630971
106,3204.2262,508.75679,8.9639142
107,3204.1196,506.60944,8.9650346
108,3203.9703,504.48868,8.9664783
109,3203.7845,502.39225,8.9685699
110,3203.5716,500.32033,8.9711992
111,3203.3426,498.27363,8.9741505
112,3203.1077,496.25277,8.9772192
113,3202.8764,494.2583,8.9802107
114,3202.6582,492.29071,8.9829407
115,3202.4617,490.35042,8.9852341
116,3202.2943,488.43742,8.9869693
117,3202.1534,486.54899,8.9883999
118,3202.0313,484.68421,8.9896095
119,3201.9209,482.84264,8.9906142
120,3201.8155,481.02386,8.9914294
121,3201.7086,479.22742,8.9920703
122,3201.5941,477.45289,8.9925516
123,3201.4663,475.6998,8.9928874
124,3201.3195,473.96772,8.9930934
125,3201.1611,472.25678,8.9929375
126,3200.9946,470.56579,8.9923144
127,3200.821,468.89409,8.9913955
128,3200.6412,467.24108,8.9903477
129,3200.4563,465.60616,8.98933
130,3200.2671,463.98877,8.9884926
131,3200.0745,462.38837,8.9879794
132,3199.8792,460.80443,8.9879295
133,3199.6823,459.23646,8.9884752
134,3199.4789,457.68275,8.989827
135,3199.2636,456.14182,8.9920496
136,3199.0406,454.61462,8.9948795
137,3198.814,453.10203,8.9980649
138,3198.5877,451.60493,9.0013585
139,3198.3657,450.12407,9.0045269
140,3198.1514,448.6602,9.0073428
141,3197.9485,447.21397,9.0095922
142,3197.7603,445.78598,9.0110702
143,3197.5901,444.37677,9.0115702
144,3197.4441,442.98552,9.0110725
145,3197.3161,441.61149,9.0097291
146,3197.2019,440.25359,9.0077428
147,3197.0973,438.91078,9.0052971
148,3196.9981,437.58207,9.0025726
149,3196.9004,436.26652,8.9997413
150,3196.8006,434.9632,8.9969672
151,3196.6951,433.67124,8.9944083
152,3196.5803,432.38982,8.9922168
153,3196.4529,431.11811,8.9905385
154,3196.3105,429.85595,8.9894349
155,3196.1552,428.60307,8.9886416
156,3195.99,427.35948,8.9880829
157,3195.8177,426.12554,8.9877195
158,3195.641,424.90159,8.9875133
159,3195.4626,423.68794,8.9874275
160,3195.2848,422.48488,8.9874255
161,3195.1101,421.29269,8.9874754
162,3194.9409,420.11162,8.9875428
163,3194.7793,418.9419,8.9875964
164,3194.6276,417.78376,8.9876044
165,3194.4874,416.63738,8.9875597
166,3194.3564,415.50143,8.9876211
167,3194.2326,414.37507,8.9878091
168,3194.1145,413.25827,8.9880804
169,3194.0011,412.151,8.9883953
170,3193.8911,411.05322,8.9887152
171,3193.7834,409.9649,8.9890026
172,3193.677,408.88598,8.9892218
173,3193.5706,407.81641,8.9893395
174,3193.4635,406.75614,8.9893169
175,3193.3544,405.70511,8.9891272
176,3193.2426,404.66325,8.9887382
177,3193.1278,403.63056,8.9881231
178,3193.0145,402.60688,8.9873173
179,3192.9016,401.59161,8.9863588
180,3192.7887,400.58462,8.9852631
181,3192.6757,399.58576,8.9840463
182,3192.5625,398.59488,8.9827237
183,3192.4488,397.61183,8.9813105
184,3192.3345,396.63648,8.9798213
185,3192.2194,395.66868,8.97827
186,3192.1032,394.7083,8.9766704
187,3191.9859,393.7552,8.9750357
188,3191.8673,392.80924,8.9733787
189,3191.7472,391.8703,8.9717118
190,3191.6261,390.93829,8.9700397
191,3191.5054,390.013,8.9682674
192,3191.3831,389.09402,8.9663693
193,3191.2593,388.18137,8.9643748
194,3191.1343,387.27507,8.9623106
195,3191.0082,386.37514,8.9602024
196,3190.8812,385.48157,8.958075
197,3190.7535,384.59437,8.9559529
198,3190.6251,383.71355,8.9538596
199,3190.4964,382.83982,8.9518195
200,3190.354,381.88232,8.9496531
