Tj_C,Eon_body_mJ,Eoff_body_mJ,Etotal_body_mJ,Eon_schottky_mJ,Eoff_schottky_mJ,Etotal_schottky_mJ
0,,,,,,
1,,,,,,
2,,,,,,
3,,,,,,
4,,,,,,
5,,,,,,
6,,,,,,
7,,,,,,
8,,,,,,
9,,,,,,
10,,,,,,
11,,,,,,
12,,,,,,
13,,,,,,
14,,,,,,
15,,,,,,
16,,,,,,
17,,,,,,
18,,,,,,
19,,,,,,
20,,,,,,
21,,,,,,
22,,,,,,
23,,,,,,
24,,,,,,
25,1.6978816,0.59791054,2.2957955,1.2213301,0.68269251,1.907713
26,1.7005478,0.598653,2.299214,1.220734,0.68362611,1.9080162
27,1.7031896,0.59939135,2.302604,1.2201424,0.68455761,1.9083216
28,1.7058062,0.60012543,2.3059646,1.2195556,0.6854869,1.9086293
29,1.708401,0.60085583,2.3092996,1.2189729,0.68641424,1.9089391
30,1.7109763,0.60158295,2.3126119,1.218394,0.68733989,1.9092506
31,1.7135332,0.60230695,2.3159027,1.2178186,0.68826389,1.9095639
32,1.7160747,0.60302836,2.3191755,1.217246,0.68918656,1.9098786
33,1.718601,0.60374718,2.3224304,1.2166765,0.69010785,1.9101948
34,1.7211153,0.60446399,2.3256714,1.2161091,0.6910281,1.910512
35,1.7236174,0.60517873,2.3288981,1.2155442,0.69194727,1.9108304
36,1.7261105,0.60589195,2.3321143,1.2149809,0.69286563,1.9111496
37,1.7285944,0.60660363,2.3353198,1.2144194,0.69378319,1.9114697
38,1.7310718,0.6073142,2.3385176,1.2138592,0.69470014,1.9117904
39,1.7335433,0.60802377,2.3417085,1.2133001,0.69561659,1.9121116
40,1.7360103,0.60873258,2.3448942,1.2127419,0.6965326,1.9124333
41,1.7384746,0.60944095,2.3480767,1.2121841,0.6974484,1.9127552
42,1.7409365,0.6101489,2.3512564,1.2116269,0.69836395,1.9130774
43,1.7433987,0.6108569,2.3544365,1.2110697,0.69927951,1.9133995
44,1.7458608,0.61156488,2.3576164,1.2105125,0.70019505,1.9137217
45,1.7483257,0.61227334,2.3607996,1.2099549,0.70111081,1.9140437
46,1.7507932,0.61298224,2.3639858,1.2093967,0.7020268,1.9143654
47,1.7532657,0.61369199,2.367178,1.2088377,0.70294318,1.9146867
48,1.755744,0.6144027,2.3703768,1.2082776,0.70386008,1.9150074
49,1.7582294,0.61511463,2.373584,1.2077162,0.70477756,1.9153275
50,1.7607239,0.61582809,2.3768018,1.2071531,0.70569583,1.9156468
51,1.7632278,0.61654314,2.3800307,1.2065883,0.70661489,1.9159653
52,1.7657442,0.61726029,2.383274,1.2060212,0.70753502,1.9162826
53,1.7682727,0.61797949,2.3865316,1.2054518,0.70845619,1.9165989
54,1.7708169,0.61870134,2.3898075,1.2048796,0.70937869,1.9169137
55,1.7733766,0.6194258,2.3931014,1.2043044,0.71030254,1.9172271
56,1.7759552,0.62015348,2.3964177,1.2037258,0.71122799,1.9175388
57,1.7785533,0.62088443,2.3997566,1.2031435,0.71215514,1.9178487
58,1.781174,0.62161921,2.4031219,1.2025571,0.71308419,1.9181566
59,1.7838187,0.62235803,2.4065152,1.2019661,0.71401535,1.9184623
60,1.7864901,0.62310137,2.4099398,1.2013703,0.71494876,1.9187657
61,1.7891906,0.62384963,2.4133985,1.200769,0.71588471,1.9190663
62,1.7919229,0.62460324,2.4168942,1.2001618,0.71682335,1.9193641
63,1.7946902,0.62536279,2.420431,1.1995481,0.71776505,1.9196587
64,1.7974954,0.62612872,2.424012,1.1989274,0.71870995,1.9199499
65,1.8003426,0.62690176,2.4276421,1.1982988,0.71965852,1.9202372
66,1.8032354,0.62768249,2.4313255,1.1976619,0.72061094,1.9205205
67,1.8061786,0.62847174,2.4350678,1.1970155,0.72156775,1.9207991
68,1.8091773,0.62927036,2.438875,1.1963589,0.72252926,1.9210728
69,1.8122367,0.63007924,2.4427532,1.1956909,0.72349606,1.9213409
70,1.8153647,0.63089972,2.4467116,1.1950104,0.72446869,1.9216028
71,1.818567,0.63173271,2.4507567,1.1943159,0.7254477,1.9218581
72,1.821855,0.63258023,2.4549022,1.1936057,0.72643409,1.9221055
73,1.8252366,0.63344349,2.4591568,1.1928782,0.7274284,1.9223446
74,1.8287268,0.63432476,2.4635382,1.192131,0.72843204,1.9225743
75,1.8323398,0.63522788,2.4680642,1.1913602,0.72944621,1.9227919
76,1.8360946,0.63615775,2.4727588,1.1905575,0.73047314,1.9229926
77,1.8400029,0.63711914,2.4776386,1.1897163,0.73151427,1.9231702
78,1.8440764,0.63811429,2.4827175,1.1888323,0.73257072,1.9233235
79,1.8483262,0.63914502,2.4880086,1.187904,0.73364338,1.923452
80,1.8527623,0.64021293,2.4935232,1.1869298,0.7347332,1.9235534
81,1.8573961,0.64131985,2.4992749,1.1859074,0.73584113,1.9236273
82,1.8622391,0.64246746,2.5052765,1.1848352,0.73696812,1.923673
83,1.8673016,0.6436571,2.5115399,1.183712,0.738115,1.9236921
84,1.872592,0.64488953,2.5180741,1.1825375,0.73928241,1.9236816
85,1.8781157,0.64616473,2.5248844,1.1813124,0.74047069,1.9236455
86,1.883874,0.64748162,2.5319712,1.1800387,0.74167981,1.9235836
87,1.8898624,0.6488378,2.5393273,1.1787202,0.74290916,1.9234994
88,1.8960686,0.65022908,2.5469364,1.1773632,0.7441574,1.9233973
89,1.9024711,0.65164926,2.5547705,1.1759763,0.7454223,1.9232832
90,1.9090379,0.65309007,2.5627894,1.1745711,0.74670063,1.9231647
91,1.9157264,0.65454114,2.57094,1.1731615,0.74798828,1.9230505
92,1.9224846,0.65599051,2.5791582,1.1717632,0.74928025,1.9229506
93,1.9292543,0.65742534,2.5873728,1.1703932,0.75057099,1.9228748
94,1.9359755,0.658833,2.5955112,1.1690679,0.7518548,1.9228338
95,1.9425914,0.66020205,2.6035051,1.1678018,0.75312634,1.9228373
96,1.9490528,0.66152312,2.6112958,1.1666068,0.75438098,1.9228864
97,1.9553207,0.66278935,2.6188375,1.1654913,0.75561513,1.9229903
98,1.9613669,0.66399635,2.6260976,1.1644604,0.75682626,1.9231499
99,1.967172,0.66514155,2.633054,1.1635158,0.75801286,1.9233659
100,1.9727431,0.66622862,2.6397176,1.1626571,0.75917431,1.9236372
101,1.9782414,0.66729801,2.6462901,1.1618698,0.76032565,1.9239638
102,1.9838055,0.66838273,2.6529439,1.1611376,0.76148101,1.9243439
103,1.9894178,0.66947695,2.6596554,1.1604566,0.76263946,1.9247733
104,1.9950686,0.67057683,2.6664112,1.1598229,0.7638,1.9252475
105,2.0007484,0.67167856,2.6731977,1.1592328,0.76496163,1.925762
106,2.0064477,0.67277833,2.6800016,1.1586821,0.76612337,1.9263124
107,2.012157,0.67387233,2.6868094,1.1581671,0.76728421,1.9268944
108,2.0178667,0.67495674,2.6936077,1.1576838,0.76844317,1.9275035
109,2.0235672,0.67602775,2.7003832,1.1572284,0.76959926,1.9281352
110,2.0292491,0.67708154,2.7071223,1.156797,0.77075148,1.9287851
111,2.0349028,0.67811431,2.7138116,1.1563856,0.77189884,1.9294488
112,2.0405187,0.67912223,2.7204377,1.1559903,0.77304035,1.9301219
113,2.0460874,0.6801015,2.7269873,1.1556073,0.77417502,1.9308
114,2.0515992,0.68104829,2.7334468,1.1552327,0.77530185,1.9314785
115,2.0570446,0.6819588,2.7398028,1.1548625,0.77641985,1.9321531
116,2.0624142,0.68282921,2.7460419,1.1544929,0.77752804,1.9328194
117,2.0676983,0.6836557,2.7521508,1.15412,0.77862541,1.9334729
118,2.0728874,0.68443446,2.7581158,1.1537398,0.77971098,1.9341091
119,2.077972,0.68516169,2.7639237,1.1533486,0.78078376,1.9347238
120,2.0829426,0.68583355,2.769561,1.1529423,0.78184275,1.9353123
121,2.0877895,0.68644625,2.7750143,1.1525171,0.78288696,1.9358704
122,2.0925033,0.68699596,2.7802702,1.1520691,0.7839154,1.9363935
123,2.0970745,0.68747888,2.7853152,1.1515944,0.78492708,1.9368773
124,2.1014946,0.68789167,2.7901375,1.1510891,0.78592101,1.9373174
125,2.1057438,0.68822664,2.7947099,1.1505493,0.78689622,1.9377093
126,2.1096964,0.68844249,2.7988654,1.1499693,0.78784881,1.9380444
127,2.1132698,0.68851668,2.8024947,1.1493491,0.7887767,1.9383207
128,2.1165085,0.68845923,2.8056573,1.1486933,0.78968162,1.938544
129,2.1194515,0.6882862,2.8084059,1.1480066,0.79056539,1.93872
130,2.1221381,0.68801061,2.8107932,1.1472935,0.7914298,1.9388547
131,2.1246074,0.68764574,2.8128719,1.1465588,0.79227667,1.9389539
132,2.1268986,0.68720495,2.814695,1.1458071,0.79310778,1.9390234
133,2.1290509,0.6867016,2.8163152,1.1450431,0.79392495,1.9390692
134,2.1311034,0.68614908,2.8177854,1.1442713,0.79472997,1.9390969
135,2.1330953,0.68556077,2.8191583,1.1434966,0.79552464,1.9391126
136,2.1350657,0.68495005,2.8204868,1.1427235,0.79631077,1.9391222
137,2.1370538,0.68433031,2.8218236,1.1419566,0.79709016,1.9391316
138,2.1390986,0.68371493,2.8232211,1.1412008,0.79786462,1.9391461
139,2.1412392,0.6831173,2.8247322,1.1404605,0.79863593,1.9391719
140,2.1435147,0.68255081,2.8264094,1.1397405,0.7994059,1.9392149
141,2.1459643,0.68202883,2.8283055,1.1390454,0.80017634,1.9392809
142,2.1486271,0.68156477,2.8304734,1.1383798,0.80094905,1.9393758
143,2.1515422,0.681172,2.8329656,1.1377485,0.80172582,1.9395054
144,2.1547488,0.68086386,2.8358352,1.1371561,0.80250846,1.9396756
145,2.1582861,0.68065266,2.8391347,1.1366072,0.80329877,1.9398922
146,2.1621931,0.6805667,2.8429171,1.1361065,0.80409856,1.9401611
147,2.1665092,0.68057303,2.8472351,1.1356587,0.80490961,1.940488
148,2.1712733,0.68074224,2.8521414,1.1352683,0.80573375,1.940879
149,2.1765251,0.68105933,2.8576894,1.1349399,0.80657276,1.9413398
150,2.1823004,0.68153957,2.8639269,1.1346784,0.80742858,1.9418764
151,2.1885781,0.68216856,2.8708182,1.1344845,0.80829717,1.9424855
152,2.1952952,0.68291912,2.8782722,1.1343523,0.8091726,1.9431569
153,2.2024247,0.68378432,2.8862549,1.1342771,0.81005425,1.9438865
154,2.2099381,0.6847563,2.8947299,1.1342626,0.81094171,1.9446704
155,2.2178074,0.68582725,2.9036612,1.1342906,0.81183458,1.9455047
156,2.2260044,0.68698933,2.9130124,1.1343669,0.81273241,1.9463852
157,2.2345006,0.6882347,2.9227475,1.1344857,0.81363479,1.9473082
158,2.243268,0.68955549,2.9328302,1.1346429,0.8145413,1.9482697
159,2.2522783,0.69094386,2.9432243,1.1348344,0.8154515,1.9492657
160,2.2615032,0.69239194,2.9538936,1.1350564,0.81636498,1.9502922
161,2.2709145,0.69389187,2.9648019,1.1353049,0.81728132,1.9513453
162,2.2804839,0.69543579,2.975913,1.135576,0.81820008,1.952421
163,2.2901831,0.69701585,2.9871906,1.1358657,0.81912085,1.9535155
164,2.2999839,0.69862418,2.9985985,1.13617,0.8200432,1.9546246
165,2.3098581,0.70025291,3.0101004,1.1364852,0.82096671,1.9557446
166,2.3197773,0.70189419,3.0216603,1.1368071,0.82189096,1.9568714
167,2.3297133,0.70354016,3.0332417,1.1371319,0.82281551,1.958001
168,2.3396379,0.70518295,3.0448086,1.1374556,0.82373995,1.9591296
169,2.3495228,0.70681469,3.0563246,1.1377742,0.82466385,1.9602532
170,2.3593397,0.70842754,3.0677536,1.138084,0.8255868,1.9613677
171,2.3690603,0.71001363,3.0790594,1.1383808,0.82650835,1.9624693
172,2.3786565,0.7115651,3.0902056,1.1386608,0.8274281,1.9635541
173,2.3881,0.71307409,3.1011561,1.1389201,0.82834562,1.964618
174,2.3973623,0.7145327,3.1118745,1.1391546,0.82926048,1.965657
175,,,,1.1393603,0.83017225,1.9666672
176,,,,,,
177,,,,,,
178,,,,,,
179,,,,,,
180,,,,,,
181,,,,,,
182,,,,,,
183,,,,,,
184,,,,,,
185,,,,,,
186,,,,,,
187,,,,,,
188,,,,,,
189,,,,,,
190,,,,,,
191,,,,,,
192,,,,,,
193,,,,,,
194,,,,,,
195,,,,,,
196,,,,,,
197,,,,,,
198,,,,,,
199,,,,,,
200,,,,,,
